ideaName,ideaSlug,ideaImage,keyword,ideaDescription,meaningName,meaningSlug,meaningDescription
Wolf With Crown,/wolf-with-crown,,wolf with crown tattoo meaning,"A wolf with a crown tattoo is a powerful and regal design. You can choose a detailed wolf with a majestic crown or a more stylized version. Wolves symbolize strength and loyalty, while the crown adds a touch of royalty and leadership. This tattoo looks great on the arm, shoulder, or back. It’s a bold and captivating tattoo idea for those who appreciate the symbolism of power and grace.",Wolf With Crown,/wolf-with-crown,"A wolf with crown tattoo symbolizes leadership, loyalty, and the power of authority. Wolves are known for their pack mentality and strength, while the crown represents rulership and sovereignty. This tattoo is perfect for someone who values their leadership qualities and the strength found in guiding and protecting their loved ones."
One Wing,/one-wing,,one wing tattoo meaning,"A one wing tattoo is a unique and intriguing design. You can choose a realistic wing with detailed feathers or a more abstract version. One wing symbolizes freedom and the aspiration to soar. This tattoo looks great on the shoulder, back, or wrist. It’s a meaningful and elegant tattoo idea for those who appreciate the beauty and symbolism of wings.",One Wing,/one-wing,"A one wing tattoo symbolizes loss, resilience, and the journey of self-discovery. It represents the idea of having the strength to continue even when not feeling whole. This tattoo is ideal for someone who values their ability to overcome adversity and the courage to move forward despite challenges."
Star Lgbt,/star-lgbt,,star tattoo meaning lgbt,"A star LGBT tattoo is a vibrant and meaningful choice. You can choose a simple star filled with the colors of the LGBT pride flag or a more intricate design incorporating other elements. This tattoo symbolizes pride, diversity, and acceptance. It looks great on the wrist, forearm, or ankle. It’s a bold and expressive tattoo idea for those who want to show their support and pride.",Star Lgbt,/star-lgbt,"A star LGBT tattoo symbolizes pride, identity, and the power of visibility. Stars represent guidance and light, and this tattoo signifies the importance of being seen and celebrating one's true self within the LGBT community. This tattoo is perfect for someone who values their individuality and the strength found in embracing and showcasing their identity."
Om,/om,,om tattoo meaning,"An Om tattoo is a spiritual and elegant design. You can choose a simple Om symbol or a more intricate version with added elements like lotus flowers or mandalas. Om symbolizes peace and the universe. This tattoo looks great on the wrist, forearm, or back. It’s a meaningful and calming tattoo idea for those who appreciate spiritual symbols.",Om,/om,"An Om tattoo symbolizes spirituality, peace, and the essence of the universe. Om is a sacred sound and symbol in Hinduism and Buddhism, representing the ultimate reality and the unity of all creation. This tattoo is ideal for someone who values their spiritual journey and the connection to the divine and the cosmos."
Spider Flower,/spider-flower,,spider flower tattoo meaning,"A spider flower tattoo is a unique and intriguing design. You can choose a realistic spider combined with a beautiful flower or a more stylized version. This tattoo symbolizes the delicate balance between beauty and mystery. It looks great on the arm, shoulder, or back. It’s a captivating and artistic tattoo idea for those who appreciate unique combinations.",Spider Flower,/spider-flower,"A spider flower tattoo symbolizes mystery, creativity, and the balance of beauty and danger. Spider flowers, also known as cleomes, have a unique and striking appearance, representing the delicate interplay between allure and caution. This tattoo is perfect for someone who values their creativity and the beauty found in the intricate and mysterious aspects of life."
3 Cross,/3-cross,,3 cross tattoo meaning,"A 3 cross tattoo is a powerful and spiritual design. You can choose a simple design with three crosses or a more detailed version with added elements. Three crosses symbolize faith and the Holy Trinity. This tattoo looks great on the wrist, forearm, or back. It’s a meaningful and impactful tattoo idea for those who want to express their spirituality.",3 Cross,/3-cross,"A 3 cross tattoo symbolizes faith, redemption, and the Holy Trinity. It represents the crucifixion of Jesus Christ alongside two others, signifying the importance of faith and sacrifice. This tattoo is perfect for someone who values their Christian beliefs and the profound meaning of sacrifice and redemption in their spiritual journey."
Sunset,/sunset,,sunset tattoo meaning,"A sunset tattoo is a beautiful and serene choice. You can choose a simple silhouette of a sunset or a more detailed version with vibrant colors. Sunsets symbolize the end of a day and the promise of a new beginning. This tattoo looks great on the arm, shoulder, or back. It’s a calming and beautiful tattoo idea for those who appreciate nature’s beauty.",Sunset,/sunset,"A sunset tattoo symbolizes the beauty of endings, the promise of renewal, and the passage of time. Sunsets represent the closing of one chapter and the anticipation of a new beginning. This tattoo is ideal for someone who values the cycles of life and the beauty found in transitions and the promise of new opportunities."
Moths,/moths,,moths tattoo meaning,"Moth tattoos are a unique and beautiful choice. You can choose a realistic design with detailed wings or a more stylized version. Moths symbolize transformation and mystery. This tattoo looks great on the shoulder, back, or forearm. It’s a captivating and meaningful tattoo idea for those who appreciate these nocturnal creatures.",Moths,/moths,"A moths tattoo symbolizes transformation, intuition, and the pursuit of light. Moths are drawn to light, representing a search for truth and guidance. They also signify resilience, as they navigate through the night to find their way. This tattoo is ideal for someone who has faced challenges and continues to seek personal growth and wisdom."
Lily Pad,/lily-pad,,lily pad tattoo meaning,"A lily pad tattoo is a serene and elegant design. You can choose a realistic lily pad with detailed petals and leaves or a more stylized version. Lily pads symbolize peace and tranquility. This tattoo looks great on the wrist, ankle, or shoulder. It’s a calming and beautiful tattoo idea for those who appreciate these aquatic plants.",Lily Pad,/lily-pad,"A lily pad tattoo symbolizes tranquility, purity, and the beauty of spiritual growth. Lily pads float serenely on the surface of the water, representing peace and the purity found in calm and reflective environments. This tattoo is perfect for someone who values their spiritual journey and the serenity found in introspection and personal growth."
Clock And Compass,/clock-and-compass,,clock and compass tattoo meaning,"A clock and compass tattoo is a powerful and meaningful design. You can choose a detailed design with intricate clock and compass elements or a more minimalist version. This tattoo symbolizes time and direction. It looks great on the forearm, back, or chest. It’s a thoughtful and artistic tattoo idea for those who appreciate the symbolism of life's journey and navigation.",Clock And Compass,/clock-and-compass,"A clock and compass tattoo symbolizes the passage of time, direction, and the importance of making the most of every moment. The clock represents the fleeting nature of time, while the compass signifies guidance and the journey of life. This tattoo is ideal for someone who values their time and seeks direction and purpose in their life's journey."
Scottish Thistle,/scottish-thistle,,scottish thistle tattoo meaning,"A Scottish thistle tattoo is a bold and cultural choice. You can choose a realistic thistle with detailed petals and leaves or a more stylized version. Thistles symbolize strength and resilience. This tattoo looks great on the arm, shoulder, or back. It’s a meaningful and beautiful tattoo idea for those who appreciate Scottish heritage.",Scottish Thistle,/scottish-thistle,"A Scottish thistle tattoo symbolizes resilience, protection, and national pride. The thistle is the national flower of Scotland, representing the strength to thrive in harsh conditions and the beauty of perseverance. This tattoo is perfect for someone who values their Scottish heritage and the strength found in enduring life's challenges."
Crow Foot,/crow-foot,,crow foot tattoo meaning,"A crow foot tattoo is a unique and intriguing design. You can choose a simple crow foot or a more detailed version with added elements. Crow feet symbolize intelligence and mystery. This tattoo looks great on the wrist, ankle, or behind the ear. It’s a bold and captivating tattoo idea for those who appreciate these enigmatic birds.",Crow Foot,/crow-foot,"A crow foot tattoo symbolizes mystery, intelligence, and the connection to the spiritual world. Crows are often associated with omens and the supernatural, representing the power of insight and the ability to navigate the unknown. This tattoo is perfect for someone who values their intuition and the strength found in embracing the mystical aspects of life."
Wolf With Wings,/wolf-with-wings,,wolf with wings tattoo meaning,"A wolf with wings tattoo is a powerful and dynamic design. You can choose a detailed wolf with majestic wings or a more stylized version. Wolves symbolize strength and loyalty, while wings add a touch of freedom and grace. This tattoo looks great on the arm, shoulder, or back. It’s a bold and captivating tattoo idea for those who appreciate the symbolism of power and flight.",Wolf With Wings,/wolf-with-wings,"A wolf with wings tattoo symbolizes freedom, strength, and the power of transformation. Wolves represent loyalty and courage, while wings signify the ability to rise above earthly concerns and embrace new heights. This tattoo is ideal for someone who values their inner strength and the freedom found in personal growth and transformation."
Dandelion Flower,/dandelion-flower,,dandelion flower tattoo meaning,"A dandelion flower tattoo is a whimsical and lighthearted choice. You can choose a design with delicate seeds blowing in the wind or a more abstract version. Dandelions symbolize wishes and dreams. This tattoo looks great on the shoulder, wrist, or ankle. It’s a charming and imaginative tattoo idea that captures the essence of childhood wonder.",Dandelion Flower,/dandelion-flower,"A dandelion flower tattoo symbolizes wishes, resilience, and the beauty of letting go. Dandelions are known for their delicate seeds that float away with the wind, representing the power of making wishes and the strength found in embracing change. This tattoo is perfect for someone who values the beauty of life's fleeting moments and the courage to let go and move forward."
Dagger Behind Ear,/dagger-behind-ear,,dagger behind ear tattoo meaning,"A dagger behind the ear tattoo is a bold and edgy design. You can choose a simple dagger or a more detailed version with intricate patterns. Daggers symbolize strength and protection. This tattoo looks great behind the ear, adding a touch of mystery and rebellion. It’s a strong and captivating tattoo idea for those who appreciate these powerful symbols.",Dagger Behind Ear,/dagger-behind-ear,"A dagger behind ear tattoo symbolizes protection, readiness, and the element of surprise. The dagger represents the ability to defend oneself and the readiness to face challenges, while the placement behind the ear adds a layer of discretion and preparedness. This tattoo is ideal for someone who values their ability to protect themselves and the power found in being vigilant and prepared."
Double Snake,/double-snake,,double snake tattoo meaning,"A double snake tattoo is a powerful and dynamic design. You can choose a detailed design with two snakes intertwined or a more minimalist version. Snakes symbolize transformation and renewal. This tattoo looks great on the arm, leg, or back. It’s a bold and captivating tattoo idea for those who appreciate the symbolism of duality and change.",Double Snake,/double-snake,"A double snake tattoo symbolizes duality, transformation, and the balance of opposing forces. Snakes are often associated with change and renewal, and two snakes together represent the harmony found in balancing different aspects of life. This tattoo is perfect for someone who values their personal growth and the strength found in embracing life's dualities and transformations."
My Mother's Keeper,/my-mother's-keeper,,my mother's keeper tattoo meaning,"A 'My Mother's Keeper' tattoo is a deeply personal and meaningful design. You can choose a simple phrase or add elements like hearts or flowers to enhance it. This tattoo symbolizes love, protection, and appreciation for your mother. It looks great on the wrist, forearm, or ribcage. It’s a touching and significant tattoo idea for those who want to honor their mothers.",My Mother's Keeper,/my-mother's-keeper,"A ""My Mother's Keeper"" tattoo symbolizes love, duty, and the deep bond between a mother and child. It represents the commitment to care for and protect one's mother, highlighting the strength found in family ties and the importance of nurturing those we love. This tattoo is ideal for someone who values their relationship with their mother and the power of familial love and responsibility."